-- phpMyAdmin SQL Dump
-- version 5.2.0
-- https://www.phpmyadmin.net/
--
-- Host: 127.0.0.1
-- Generation Time: Jun 25, 2024 at 03:20 PM
-- Server version: 10.4.27-MariaDB
-- PHP Version: 8.2.0

SET SQL_MODE = "NO_AUTO_VALUE_ON_ZERO";
START TRANSACTION;
SET time_zone = "+00:00";


/*!40101 SET @OLD_CHARACTER_SET_CLIENT=@@CHARACTER_SET_CLIENT */;
/*!40101 SET @OLD_CHARACTER_SET_RESULTS=@@CHARACTER_SET_RESULTS */;
/*!40101 SET @OLD_COLLATION_CONNECTION=@@COLLATION_CONNECTION */;
/*!40101 SET NAMES utf8mb4 */;

--
-- Database: `db_ahp`
--

-- --------------------------------------------------------

--
-- Table structure for table `tbl_akun`
--

CREATE TABLE `tbl_akun` (
  `id_akun` int(11) NOT NULL,
  `nama_lengkap` varchar(50) NOT NULL,
  `username` varchar(50) NOT NULL,
  `password` varchar(30) NOT NULL,
  `level` varchar(20) NOT NULL
) ENGINE=InnoDB DEFAULT CHARSET=utf8mb4 COLLATE=utf8mb4_general_ci;

--
-- Dumping data for table `tbl_akun`
--

INSERT INTO `tbl_akun` (`id_akun`, `nama_lengkap`, `username`, `password`, `level`) VALUES
(1, 'Administrator', 'Admin', '12345', 'Admin');

-- --------------------------------------------------------

--
-- Table structure for table `tbl_alternatif`
--

CREATE TABLE `tbl_alternatif` (
  `id_alternatif` int(11) NOT NULL,
  `nama_alternatif` varchar(50) NOT NULL,
  `nilai_ahp` double NOT NULL,
  `rangking` int(11) NOT NULL
) ENGINE=InnoDB DEFAULT CHARSET=utf8mb4 COLLATE=utf8mb4_general_ci;

--
-- Dumping data for table `tbl_alternatif`
--

INSERT INTO `tbl_alternatif` (`id_alternatif`, `nama_alternatif`, `nilai_ahp`, `rangking`) VALUES
(1, 'Retno Gadis Wana', 0.16556301790015, 1),
(2, 'Ikhlas Hasan', 0.12794730151401, 2),
(3, 'Reno Kurnia', 0.11694196916817, 4),
(11, 'Mario Fernando', 0.12264213546125, 3),
(12, 'Mukhram Yonedi', 0.10648127784918, 5),
(13, 'Khoiri Yuka Putra', 0.096038498619062, 6),
(14, 'M Yoan ', 0.093098917860123, 7),
(15, 'Dieki Akbar', 0.0614537229232, 8),
(16, 'Indah Santika', 0.057768049051745, 9),
(17, 'Nadilla Cesar Junori', 0.052065109653102, 10);

-- --------------------------------------------------------

--
-- Table structure for table `tbl_analisa_alternatif`
--

CREATE TABLE `tbl_analisa_alternatif` (
  `id_analisa` int(11) NOT NULL,
  `id_kriteria` int(11) NOT NULL,
  `id_alternatif_pertama` int(11) NOT NULL,
  `nilai` double NOT NULL,
  `id_alternatif_kedua` int(11) NOT NULL
) ENGINE=InnoDB DEFAULT CHARSET=utf8mb4 COLLATE=utf8mb4_general_ci;

--
-- Dumping data for table `tbl_analisa_alternatif`
--

INSERT INTO `tbl_analisa_alternatif` (`id_analisa`, `id_kriteria`, `id_alternatif_pertama`, `nilai`, `id_alternatif_kedua`) VALUES
(1, 1, 1, 1, 1),
(2, 1, 1, 2, 2),
(3, 1, 1, 2, 3),
(4, 1, 1, 3, 11),
(5, 1, 1, 2, 12),
(6, 1, 1, 1, 13),
(7, 1, 1, 2, 14),
(8, 1, 1, 3, 15),
(9, 1, 1, 2, 16),
(10, 1, 1, 3, 17),
(11, 1, 2, 0.5, 1),
(12, 1, 2, 1, 2),
(13, 1, 2, 3, 3),
(14, 1, 2, 2, 11),
(15, 1, 2, 1, 12),
(16, 1, 2, 2, 13),
(17, 1, 2, 1, 14),
(18, 1, 2, 2, 15),
(19, 1, 2, 2, 16),
(20, 1, 2, 3, 17),
(21, 1, 3, 0.5, 1),
(22, 1, 3, 0.33333333333333, 2),
(23, 1, 3, 1, 3),
(24, 1, 3, 2, 11),
(25, 1, 3, 1, 12),
(26, 1, 3, 1, 13),
(27, 1, 3, 1, 14),
(28, 1, 3, 2, 15),
(29, 1, 3, 3, 16),
(30, 1, 3, 2, 17),
(31, 1, 11, 0.33333333333333, 1),
(32, 1, 11, 0.5, 2),
(33, 1, 11, 0.5, 3),
(34, 1, 11, 1, 11),
(35, 1, 11, 2, 12),
(36, 1, 11, 1, 13),
(37, 1, 11, 2, 14),
(38, 1, 11, 3, 15),
(39, 1, 11, 3, 16),
(40, 1, 11, 3, 17),
(41, 1, 12, 0.5, 1),
(42, 1, 12, 1, 2),
(43, 1, 12, 1, 3),
(44, 1, 12, 0.5, 11),
(45, 1, 12, 1, 12),
(46, 1, 12, 2, 13),
(47, 1, 12, 1, 14),
(48, 1, 12, 2, 15),
(49, 1, 12, 2, 16),
(50, 1, 12, 3, 17),
(51, 1, 13, 1, 1),
(52, 1, 13, 0.5, 2),
(53, 1, 13, 1, 3),
(54, 1, 13, 1, 11),
(55, 1, 13, 0.5, 12),
(56, 1, 13, 1, 13),
(57, 1, 13, 1, 14),
(58, 1, 13, 2, 15),
(59, 1, 13, 3, 16),
(60, 1, 13, 3, 17),
(61, 1, 14, 0.5, 1),
(62, 1, 14, 1, 2),
(63, 1, 14, 1, 3),
(64, 1, 14, 0.5, 11),
(65, 1, 14, 1, 12),
(66, 1, 14, 1, 13),
(67, 1, 14, 1, 14),
(68, 1, 14, 3, 15),
(69, 1, 14, 2, 16),
(70, 1, 14, 2, 17),
(71, 1, 15, 0.33333333333333, 1),
(72, 1, 15, 0.5, 2),
(73, 1, 15, 0.5, 3),
(74, 1, 15, 0.33333333333333, 11),
(75, 1, 15, 0.5, 12),
(76, 1, 15, 0.5, 13),
(77, 1, 15, 0.33333333333333, 14),
(78, 1, 15, 1, 15),
(79, 1, 15, 1, 16),
(80, 1, 15, 1, 17),
(81, 1, 16, 0.5, 1),
(82, 1, 16, 0.5, 2),
(83, 1, 16, 0.33333333333333, 3),
(84, 1, 17, 0.33333333333333, 11),
(85, 1, 17, 0.33333333333333, 12),
(86, 1, 17, 0.33333333333333, 13),
(87, 1, 17, 0.5, 14),
(88, 1, 17, 1, 15),
(89, 1, 17, 2, 16),
(90, 1, 16, 0.33333333333333, 11),
(91, 1, 16, 0.5, 12),
(92, 1, 16, 0.33333333333333, 13),
(93, 1, 16, 0.5, 14),
(94, 1, 16, 1, 15),
(95, 1, 16, 1, 16),
(96, 1, 16, 0.5, 17),
(97, 1, 17, 0.33333333333333, 1),
(98, 1, 17, 0.33333333333333, 2),
(99, 1, 17, 0.5, 3),
(100, 1, 17, 1, 17),
(101, 2, 1, 1, 1),
(102, 2, 1, 3, 2),
(103, 2, 1, 3, 3),
(104, 2, 1, 2, 11),
(105, 2, 1, 1, 12),
(106, 2, 1, 2, 13),
(107, 2, 1, 1, 14),
(108, 2, 1, 2, 15),
(109, 2, 1, 2, 16),
(110, 2, 1, 3, 17),
(111, 2, 2, 0.33333333333333, 1),
(112, 2, 2, 1, 2),
(113, 2, 2, 2, 3),
(114, 2, 2, 1, 11),
(115, 2, 2, 2, 12),
(116, 2, 2, 1, 13),
(117, 2, 2, 1, 14),
(118, 2, 2, 2, 15),
(119, 2, 2, 1, 16),
(120, 2, 2, 1, 17),
(121, 2, 3, 0.33333333333333, 1),
(122, 2, 3, 0.5, 2),
(123, 2, 3, 1, 3),
(124, 2, 3, 2, 11),
(125, 2, 3, 2, 12),
(126, 2, 3, 1, 13),
(127, 2, 3, 1, 14),
(128, 2, 3, 2, 15),
(129, 2, 3, 3, 16),
(130, 2, 3, 2, 17),
(131, 2, 11, 0.5, 1),
(132, 2, 11, 1, 2),
(133, 2, 11, 0.5, 3),
(134, 2, 11, 1, 11),
(135, 2, 11, 3, 12),
(136, 2, 11, 2, 13),
(137, 2, 11, 1, 14),
(138, 2, 11, 2, 15),
(139, 2, 11, 2, 16),
(140, 2, 11, 3, 17),
(141, 2, 12, 1, 1),
(142, 2, 12, 0.5, 2),
(143, 2, 12, 0.5, 3),
(144, 2, 12, 0.33333333333333, 11),
(145, 2, 12, 1, 12),
(146, 2, 12, 1, 13),
(147, 2, 12, 2, 14),
(148, 2, 12, 1, 15),
(149, 2, 12, 2, 16),
(150, 2, 12, 3, 17),
(151, 2, 13, 0.5, 1),
(152, 2, 13, 1, 2),
(153, 2, 13, 1, 3),
(154, 2, 13, 0.5, 11),
(155, 2, 13, 1, 12),
(156, 2, 13, 1, 13),
(157, 2, 13, 1, 14),
(158, 2, 13, 1, 15),
(159, 2, 13, 2, 16),
(160, 2, 13, 2, 17),
(161, 2, 14, 1, 1),
(162, 2, 14, 1, 2),
(163, 2, 14, 1, 3),
(164, 2, 14, 1, 11),
(165, 2, 14, 0.5, 12),
(166, 2, 14, 1, 13),
(167, 2, 14, 1, 14),
(168, 2, 14, 2, 15),
(169, 2, 14, 1, 16),
(170, 2, 14, 1, 17),
(171, 2, 15, 0.5, 1),
(172, 2, 15, 0.5, 2),
(173, 2, 15, 0.5, 3),
(174, 2, 15, 0.5, 11),
(175, 2, 15, 1, 12),
(176, 2, 15, 1, 13),
(177, 2, 15, 0.5, 14),
(178, 2, 15, 1, 15),
(179, 2, 15, 2, 16),
(180, 2, 15, 1, 17),
(181, 2, 16, 0.5, 1),
(182, 2, 16, 1, 2),
(183, 2, 16, 0.33333333333333, 3),
(184, 2, 16, 0.5, 11),
(185, 2, 16, 0.5, 12),
(186, 2, 16, 0.5, 13),
(187, 2, 16, 1, 14),
(188, 2, 16, 0.5, 15),
(189, 2, 16, 1, 16),
(190, 2, 16, 2, 17),
(191, 2, 17, 0.33333333333333, 1),
(192, 2, 17, 1, 2),
(193, 2, 17, 0.5, 3),
(194, 2, 17, 0.33333333333333, 11),
(195, 2, 17, 0.33333333333333, 12),
(196, 2, 17, 0.5, 13),
(197, 2, 17, 1, 14),
(198, 2, 17, 1, 15),
(199, 2, 17, 0.5, 16),
(200, 2, 17, 1, 17),
(201, 3, 1, 1, 1),
(202, 3, 1, 2, 2),
(203, 3, 1, 2, 3),
(204, 3, 1, 1, 11),
(205, 3, 1, 1, 12),
(206, 3, 1, 2, 13),
(207, 3, 1, 1, 14),
(208, 3, 1, 2, 15),
(209, 3, 1, 2, 16),
(210, 3, 1, 1, 17),
(211, 3, 2, 0.5, 1),
(212, 3, 2, 1, 2),
(213, 3, 2, 2, 3),
(214, 3, 2, 1, 11),
(215, 3, 2, 2, 12),
(216, 3, 2, 1, 13),
(217, 3, 2, 2, 14),
(218, 3, 2, 3, 15),
(219, 3, 2, 3, 16),
(220, 3, 2, 2, 17),
(221, 3, 3, 0.5, 1),
(222, 3, 3, 0.5, 2),
(223, 3, 3, 1, 3),
(224, 3, 3, 2, 11),
(225, 3, 3, 1, 12),
(226, 3, 3, 1, 13),
(227, 3, 3, 2, 14),
(228, 3, 3, 3, 15),
(229, 3, 3, 2, 16),
(230, 3, 3, 3, 17),
(231, 3, 11, 1, 1),
(232, 3, 11, 1, 2),
(233, 3, 11, 0.5, 3),
(234, 3, 11, 1, 11),
(235, 3, 11, 2, 12),
(236, 3, 11, 2, 13),
(237, 3, 11, 1, 14),
(238, 3, 11, 2, 15),
(239, 3, 11, 2, 16),
(240, 3, 11, 3, 17),
(241, 3, 12, 1, 1),
(242, 3, 12, 0.5, 2),
(243, 3, 12, 1, 3),
(244, 3, 12, 0.5, 11),
(245, 3, 12, 1, 12),
(246, 3, 12, 2, 13),
(247, 3, 12, 2, 14),
(248, 3, 12, 3, 15),
(249, 3, 12, 2, 16),
(250, 3, 12, 3, 17),
(251, 3, 13, 0.5, 1),
(252, 3, 13, 1, 2),
(253, 3, 13, 1, 3),
(254, 3, 13, 0.5, 11),
(255, 3, 13, 0.5, 12),
(256, 3, 13, 1, 13),
(257, 3, 13, 3, 14),
(258, 3, 13, 2, 15),
(259, 3, 13, 1, 16),
(260, 3, 13, 2, 17),
(261, 3, 14, 1, 1),
(262, 3, 14, 0.5, 2),
(263, 3, 14, 0.5, 3),
(264, 3, 14, 1, 11),
(265, 3, 14, 0.5, 12),
(266, 3, 14, 0.33333333333333, 13),
(267, 3, 14, 1, 14),
(268, 3, 14, 1, 15),
(269, 3, 14, 2, 16),
(270, 3, 14, 3, 17),
(271, 3, 15, 0.5, 1),
(272, 3, 15, 0.33333333333333, 2),
(273, 3, 15, 0.33333333333333, 3),
(274, 3, 15, 0.5, 11),
(275, 3, 15, 0.33333333333333, 12),
(276, 3, 15, 0.5, 13),
(277, 3, 15, 1, 14),
(278, 3, 15, 1, 15),
(279, 3, 15, 3, 16),
(280, 3, 15, 3, 17),
(281, 3, 16, 0.5, 1),
(282, 3, 16, 0.33333333333333, 2),
(283, 3, 16, 0.5, 3),
(284, 3, 16, 0.5, 11),
(285, 3, 16, 0.5, 12),
(286, 3, 16, 1, 13),
(287, 3, 16, 0.5, 14),
(288, 3, 16, 0.33333333333333, 15),
(289, 3, 16, 1, 16),
(290, 3, 16, 2, 17),
(291, 3, 17, 1, 1),
(292, 3, 17, 0.5, 2),
(293, 3, 17, 0.33333333333333, 3),
(294, 3, 17, 0.33333333333333, 11),
(295, 3, 17, 0.33333333333333, 12),
(296, 3, 17, 0.5, 13),
(297, 3, 17, 0.33333333333333, 14),
(298, 3, 17, 0.33333333333333, 15),
(299, 3, 17, 0.5, 16),
(300, 3, 17, 1, 17),
(301, 6, 1, 1, 1),
(302, 6, 1, 2, 2),
(303, 6, 1, 2, 3),
(304, 6, 1, 2, 11),
(305, 6, 1, 1, 12),
(306, 6, 1, 2, 13),
(307, 6, 1, 1, 14),
(308, 6, 1, 2, 15),
(309, 6, 1, 1, 16),
(310, 6, 1, 1, 17),
(311, 6, 2, 0.5, 1),
(312, 6, 2, 1, 2),
(313, 6, 2, 1, 3),
(314, 6, 2, 1, 11),
(315, 6, 2, 2, 12),
(316, 6, 2, 3, 13),
(317, 6, 2, 2, 14),
(318, 6, 2, 1, 15),
(319, 6, 2, 2, 16),
(320, 6, 2, 2, 17),
(321, 6, 3, 0.5, 1),
(322, 6, 3, 1, 2),
(323, 6, 3, 1, 3),
(324, 6, 3, 2, 11),
(325, 6, 3, 2, 12),
(326, 6, 3, 2, 13),
(327, 6, 3, 3, 14),
(328, 6, 3, 2, 15),
(329, 6, 3, 2, 16),
(330, 6, 3, 3, 17),
(331, 6, 11, 0.5, 1),
(332, 6, 11, 1, 2),
(333, 6, 11, 0.5, 3),
(334, 6, 11, 1, 11),
(335, 6, 11, 3, 12),
(336, 6, 11, 2, 13),
(337, 6, 11, 2, 14),
(338, 6, 11, 1, 15),
(339, 6, 11, 1, 16),
(340, 6, 11, 2, 17),
(341, 6, 12, 1, 1),
(342, 6, 12, 0.5, 2),
(343, 6, 12, 0.5, 3),
(344, 6, 12, 0.33333333333333, 11),
(345, 6, 12, 1, 12),
(346, 6, 12, 1, 13),
(347, 6, 12, 2, 14),
(348, 6, 12, 2, 15),
(349, 6, 12, 1, 16),
(350, 6, 12, 1, 17),
(351, 6, 13, 0.5, 1),
(352, 6, 13, 0.33333333333333, 2),
(353, 6, 13, 0.5, 3),
(354, 6, 13, 0.5, 11),
(355, 6, 13, 1, 12),
(356, 6, 13, 1, 13),
(357, 6, 13, 1, 14),
(358, 6, 13, 1, 15),
(359, 6, 13, 2, 16),
(360, 6, 13, 1, 17),
(361, 6, 14, 1, 1),
(362, 6, 14, 0.5, 2),
(363, 6, 14, 0.33333333333333, 3),
(364, 6, 14, 0.5, 11),
(365, 6, 14, 0.5, 12),
(366, 6, 14, 1, 13),
(367, 6, 14, 1, 14),
(368, 6, 14, 2, 15),
(369, 6, 14, 1, 16),
(370, 6, 14, 2, 17),
(371, 6, 15, 0.5, 1),
(372, 6, 15, 1, 2),
(373, 6, 15, 0.5, 3),
(374, 6, 15, 1, 11),
(375, 6, 15, 0.5, 12),
(376, 6, 15, 1, 13),
(377, 6, 15, 0.5, 14),
(378, 6, 15, 1, 15),
(379, 6, 15, 1, 16),
(380, 6, 15, 1, 17),
(381, 6, 16, 1, 1),
(382, 6, 16, 0.5, 2),
(383, 6, 16, 0.5, 3),
(384, 6, 16, 1, 11),
(385, 6, 16, 1, 12),
(386, 6, 16, 0.5, 13),
(387, 6, 16, 1, 14),
(388, 6, 16, 1, 15),
(389, 6, 16, 1, 16),
(390, 6, 16, 2, 17),
(391, 6, 17, 1, 1),
(392, 6, 17, 0.5, 2),
(393, 6, 17, 0.33333333333333, 3),
(394, 6, 17, 0.5, 11),
(395, 6, 17, 1, 12),
(396, 6, 17, 1, 13),
(397, 6, 17, 0.5, 14),
(398, 6, 17, 1, 15),
(399, 6, 17, 0.5, 16),
(400, 6, 17, 1, 17);

-- --------------------------------------------------------

--
-- Table structure for table `tbl_analisa_alternatif_act`
--

CREATE TABLE `tbl_analisa_alternatif_act` (
  `id_analisa` int(11) NOT NULL,
  `id_kriteria` int(11) NOT NULL,
  `id_alternatif` int(11) NOT NULL,
  `total_alternatif` double NOT NULL,
  `bobot_alternatif` double NOT NULL,
  `matriks_alternatif` double NOT NULL
) ENGINE=InnoDB DEFAULT CHARSET=utf8mb4 COLLATE=utf8mb4_general_ci;

--
-- Dumping data for table `tbl_analisa_alternatif_act`
--

INSERT INTO `tbl_analisa_alternatif_act` (`id_analisa`, `id_kriteria`, `id_alternatif`, `total_alternatif`, `bobot_alternatif`, `matriks_alternatif`) VALUES
(0, 1, 1, 5.499999999999991, 0.17801022566802, 1.9317908404472),
(0, 1, 2, 7.666666666666661, 0.14100485314961, 1.5365117943393),
(0, 1, 3, 10.83333333333333, 0.1041223389116, 1.1266743957322),
(0, 1, 11, 10.999999999999991, 0.11905772888944, 1.2543206152483),
(0, 1, 12, 9.83333333333333, 0.10890695105171, 1.1496805231819),
(0, 1, 13, 10.16666666666666, 0.10586266898306, 1.1144054338275),
(0, 1, 14, 10.33333333333333, 0.09941972268724, 1.0429512187711),
(0, 1, 15, 20, 0.047869685390541, 0.50572647578888),
(0, 1, 16, 21, 0.047009504450545, 0.49259913878986),
(0, 1, 17, 21.5, 0.048736320818241, 0.5100101884899),
(0, 2, 1, 5.99999999999999, 0.17360606018823, 1.9108265432544),
(0, 2, 2, 10.5, 0.10529109693269, 1.1739957157289),
(0, 2, 3, 10.33333333333333, 0.11914523374098, 1.3144520572607),
(0, 2, 11, 9.16666666666666, 0.1273386847273, 1.3901545872522),
(0, 2, 12, 12.33333333333333, 0.10095751851855, 1.0731808509324),
(0, 2, 13, 11, 0.089256014024178, 0.96974005595529),
(0, 2, 14, 10.5, 0.094562626526797, 1.0191515776689),
(0, 2, 15, 14.5, 0.069630336928212, 0.75472415954077),
(0, 2, 16, 16.5, 0.064696010598768, 0.69569195479374),
(0, 2, 17, 19, 0.055516417814293, 0.59551652852865),
(0, 3, 1, 7.5, 0.13550292868327, 1.4888475024217),
(0, 3, 2, 7.666666666666661, 0.14052086976657, 1.559715703248),
(0, 3, 3, 9.16666666666666, 0.1231233694995, 1.3619559937302),
(0, 3, 11, 8.33333333333333, 0.12570055714177, 1.3780281924619),
(0, 3, 12, 9.16666666666666, 0.12061356557793, 1.3391624923463),
(0, 3, 13, 11.33333333333333, 0.098005869987189, 1.0917238146406),
(0, 3, 14, 13.83333333333333, 0.082448921936269, 0.89265632033599),
(0, 3, 15, 17.666666666666657, 0.07084797223046, 0.77069534255195),
(0, 3, 16, 18.5, 0.056349420937953, 0.61227929148836),
(0, 3, 17, 23, 0.046886524239084, 0.50407232873018),
(0, 6, 1, 7.5, 0.14274327569752, 1.5413777554988),
(0, 6, 2, 8.33333333333333, 0.12879248854978, 1.3922127915901),
(0, 6, 3, 7.166666666666661, 0.15260114263678, 1.6508543611702),
(0, 6, 11, 9.83333333333333, 0.11461150033191, 1.246763819085),
(0, 6, 12, 13, 0.087110196015729, 0.93615593006709),
(0, 6, 13, 14.5, 0.073852730317585, 0.7915662485186),
(0, 6, 14, 14, 0.081740518885606, 0.86915109314028),
(0, 6, 15, 14, 0.071519893662714, 0.76790243338218),
(0, 6, 16, 12.5, 0.082405866884895, 0.88699920626539),
(0, 6, 17, 16, 0.064622387017474, 0.69449071758271);

-- --------------------------------------------------------

--
-- Table structure for table `tbl_analisa_kriteria`
--

CREATE TABLE `tbl_analisa_kriteria` (
  `id_analisa` int(11) NOT NULL,
  `id_kriteria_pertama` int(11) NOT NULL,
  `nilai` double NOT NULL,
  `id_kriteria_kedua` int(11) NOT NULL
) ENGINE=InnoDB DEFAULT CHARSET=utf8mb4 COLLATE=utf8mb4_general_ci;

--
-- Dumping data for table `tbl_analisa_kriteria`
--

INSERT INTO `tbl_analisa_kriteria` (`id_analisa`, `id_kriteria_pertama`, `nilai`, `id_kriteria_kedua`) VALUES
(1, 1, 1, 1),
(2, 1, 2, 2),
(3, 1, 2, 3),
(4, 1, 3, 6),
(5, 2, 0.5, 1),
(6, 2, 1, 2),
(7, 2, 3, 3),
(8, 2, 4, 6),
(9, 3, 0.5, 1),
(10, 3, 0.33333333333333, 2),
(11, 3, 1, 3),
(12, 3, 3, 6),
(13, 6, 0.33333333333333, 1),
(14, 6, 0.25, 2),
(15, 6, 0.33333333333333, 3),
(16, 6, 1, 6);

-- --------------------------------------------------------

--
-- Table structure for table `tbl_kriteria`
--

CREATE TABLE `tbl_kriteria` (
  `id_kriteria` int(11) NOT NULL,
  `nama_kriteria` varchar(50) NOT NULL,
  `total_kriteria` double NOT NULL,
  `bobot_kriteria` double NOT NULL,
  `matriks_kriteria` double NOT NULL
) ENGINE=InnoDB DEFAULT CHARSET=utf8mb4 COLLATE=utf8mb4_general_ci;

--
-- Dumping data for table `tbl_kriteria`
--

INSERT INTO `tbl_kriteria` (`id_kriteria`, `nama_kriteria`, `total_kriteria`, `bobot_kriteria`, `matriks_kriteria`) VALUES
(1, 'Kehadiran', 2.33333333333333, 0.39380692746666, 1.6952343861768),
(2, 'Kedisiplinan', 3.58333333333333, 0.33266901397256, 1.4391859670317),
(3, 'Kinerja', 6.33333333333333, 0.18448274491726, 0.75939982090532),
(6, 'Kerapian', 11, 0.089041313643516, 0.36497179126463);

-- --------------------------------------------------------

--
-- Table structure for table `tbl_nilai`
--

CREATE TABLE `tbl_nilai` (
  `id_nilai` int(11) NOT NULL,
  `nilai` double NOT NULL,
  `ket` text NOT NULL
) ENGINE=InnoDB DEFAULT CHARSET=utf8mb4 COLLATE=utf8mb4_general_ci;

--
-- Dumping data for table `tbl_nilai`
--

INSERT INTO `tbl_nilai` (`id_nilai`, `nilai`, `ket`) VALUES
(1, 1, 'Kedua elemen sama pentingnya'),
(2, 2, 'Nilai - nilai antara dua nilai pertimbangan - pertimbangan yang berdekatan'),
(3, 3, 'Elemen yang satu sedikit lebih penting daripada yang lainnya'),
(4, 4, 'Nilai - nilai antara dua nilai pertimbangan - pertimbangan yang berdekatan'),
(5, 5, 'Elemen yang satu lebih penting  daripada yang lainnya'),
(6, 6, 'Nilai - nilai antara dua nilai pertimbangan - pertimbangan yang berdekatan'),
(7, 7, 'Satu elemen jelas lebih mutlak penting daripada elemen lainnya'),
(8, 8, 'Nilai - nilai antara dua nilai pertimbangan - pertimbangan yang berdekatan'),
(9, 9, 'Satu elemen mutlak penting daripada elemen lainnya');

--
-- Indexes for dumped tables
--

--
-- Indexes for table `tbl_akun`
--
ALTER TABLE `tbl_akun`
  ADD PRIMARY KEY (`id_akun`);

--
-- Indexes for table `tbl_alternatif`
--
ALTER TABLE `tbl_alternatif`
  ADD PRIMARY KEY (`id_alternatif`);

--
-- Indexes for table `tbl_analisa_alternatif`
--
ALTER TABLE `tbl_analisa_alternatif`
  ADD PRIMARY KEY (`id_analisa`);

--
-- Indexes for table `tbl_analisa_kriteria`
--
ALTER TABLE `tbl_analisa_kriteria`
  ADD PRIMARY KEY (`id_analisa`);

--
-- Indexes for table `tbl_kriteria`
--
ALTER TABLE `tbl_kriteria`
  ADD PRIMARY KEY (`id_kriteria`);

--
-- Indexes for table `tbl_nilai`
--
ALTER TABLE `tbl_nilai`
  ADD PRIMARY KEY (`id_nilai`);

--
-- AUTO_INCREMENT for dumped tables
--

--
-- AUTO_INCREMENT for table `tbl_akun`
--
ALTER TABLE `tbl_akun`
  MODIFY `id_akun` int(11) NOT NULL AUTO_INCREMENT, AUTO_INCREMENT=2;

--
-- AUTO_INCREMENT for table `tbl_alternatif`
--
ALTER TABLE `tbl_alternatif`
  MODIFY `id_alternatif` int(11) NOT NULL AUTO_INCREMENT, AUTO_INCREMENT=20;

--
-- AUTO_INCREMENT for table `tbl_analisa_alternatif`
--
ALTER TABLE `tbl_analisa_alternatif`
  MODIFY `id_analisa` int(11) NOT NULL AUTO_INCREMENT, AUTO_INCREMENT=401;

--
-- AUTO_INCREMENT for table `tbl_analisa_kriteria`
--
ALTER TABLE `tbl_analisa_kriteria`
  MODIFY `id_analisa` int(11) NOT NULL AUTO_INCREMENT, AUTO_INCREMENT=17;

--
-- AUTO_INCREMENT for table `tbl_kriteria`
--
ALTER TABLE `tbl_kriteria`
  MODIFY `id_kriteria` int(11) NOT NULL AUTO_INCREMENT, AUTO_INCREMENT=7;

--
-- AUTO_INCREMENT for table `tbl_nilai`
--
ALTER TABLE `tbl_nilai`
  MODIFY `id_nilai` int(11) NOT NULL AUTO_INCREMENT, AUTO_INCREMENT=11;
COMMIT;

/*!40101 SET CHARACTER_SET_CLIENT=@OLD_CHARACTER_SET_CLIENT */;
/*!40101 SET CHARACTER_SET_RESULTS=@OLD_CHARACTER_SET_RESULTS */;
/*!40101 SET COLLATION_CONNECTION=@OLD_COLLATION_CONNECTION */;
